<?xml version="1.0" encoding="UTF-8"?><MD_Metadata xmlns:gts="http://www.isotc211.org/2005/gts" xmlns:gco="http://www.isotc211.org/2005/gco" xmlns:xalan="http://xml.apache.org/xalan" xmlns:srv="http://www.isotc211.org/2005/srv" xmlns:gmx="http://www.isotc211.org/2005/gmx" xmlns:xlink="http://www.w3.org/1999/xlink" xmlns:xsi="http://www.w3.org/2001/XMLSchema-instance" xmlns:gml="http://www.opengis.net/gml" xmlns="http://www.isotc211.org/2005/gmd">
    <fileIdentifier>
        <gco:CharacterString>c86f12d62e494e988deffe9466d5d3c5</gco:CharacterString>
    </fileIdentifier>
    <language>
        <LanguageCode codeList="http://www.loc.gov/standards/iso639-2/php/code_list.php" codeListValue="eng" codeSpace="ISO639-2">eng</LanguageCode>
    </language>
    <characterSet>
        <MD_CharacterSetCode codeList="http://www.isotc211.org/2005/resources/Codelist/gmxCodelists.xml#MD_CharacterSetCode" codeListValue="utf8" codeSpace="ISOTC211/19115">utf8</MD_CharacterSetCode>
    </characterSet>
    <hierarchyLevel>
        <MD_ScopeCode codeList="http://www.isotc211.org/2005/resources/Codelist/gmxCodelists.xml#MD_ScopeCode" codeListValue="dataset" codeSpace="ISOTC211/19115">dataset</MD_ScopeCode>
    </hierarchyLevel>
    <contact>
        <CI_ResponsibleParty>
            <individualName>
                <gco:CharacterString>Paul McKenzie</gco:CharacterString>
            </individualName>
            <organisationName>
                <gco:CharacterString>Ministry of Municipal Affairs and Housing</gco:CharacterString>
            </organisationName>
            <positionName>
                <gco:CharacterString>Geomatics Technician</gco:CharacterString>
            </positionName>
            <contactInfo>
                <CI_Contact>
                    <phone>
                        <CI_Telephone>
                            <voice>
                                <gco:CharacterString>1 (416) 585-7256</gco:CharacterString>
                            </voice>
                        </CI_Telephone>
                    </phone>
                    <address>
                        <CI_Address>
                            <electronicMailAddress>
                                <gco:CharacterString>Paul.McKenzie@Ontario.ca</gco:CharacterString>
                            </electronicMailAddress>
                        </CI_Address>
                    </address>
                </CI_Contact>
            </contactInfo>
            <role>
                <CI_RoleCode codeList="http://www.isotc211.org/2005/resources/Codelist/gmxCodelists.xml#CI_RoleCode" codeListValue="pointOfContact" codeSpace="ISOTC211/19115">pointOfContact</CI_RoleCode>
            </role>
        </CI_ResponsibleParty>
    </contact>
    <dateStamp>
        <gco:Date>2021-08-10</gco:Date>
    </dateStamp>
    <metadataStandardName>
        <gco:CharacterString>NAP - Metadata</gco:CharacterString>
    </metadataStandardName>
    <metadataStandardVersion>
        <gco:CharacterString>1.2</gco:CharacterString>
    </metadataStandardVersion>
    <referenceSystemInfo>
        <MD_ReferenceSystem>
            <referenceSystemIdentifier>
                <RS_Identifier>
                    <code>
                        <gco:CharacterString>Grid CS = Geographic (Lat, Long); Map Proj = Not Applicable; Horiz. Datum = NAD83; Vert. Datum = Not Applicable</gco:CharacterString>
                    </code>
                </RS_Identifier>
            </referenceSystemIdentifier>
        </MD_ReferenceSystem>
    </referenceSystemInfo>
    <identificationInfo>
        <MD_DataIdentification>
            <citation>
                <CI_Citation>
                    <title>
                        <gco:CharacterString>Greenbelt Hamlet</gco:CharacterString>
                    </title>
                    <alternateTitle>
                        <gco:CharacterString>GBHAMLET</gco:CharacterString>
                    </alternateTitle>
                    <date>
                        <CI_Date>
                            <date>
                                <gco:Date>2005-02-28</gco:Date>
                            </date>
                            <dateType>
                                <CI_DateTypeCode codeList="http://www.isotc211.org/2005/resources/Codelist/gmxCodelists.xml#CI_DateTypeCode" codeListValue="creation" codeSpace="ISOTC211/19115">creation</CI_DateTypeCode>
                            </dateType>
                        </CI_Date>
                    </date>
                    <date>
                        <CI_Date>
                            <date>
                                <gco:DateTime>2022-12-18T12:00:00</gco:DateTime>
                            </date>
                            <dateType>
                                <CI_DateTypeCode codeList="http://www.isotc211.org/2005/resources/Codelist/gmxCodelists.xml#CI_DateTypeCode" codeListValue="revision" codeSpace="ISOTC211/19115">revision</CI_DateTypeCode>
                            </dateType>
                        </CI_Date>
                    </date>
                    <identifier>
                        <MD_Identifier>
                            <authority>
                                <CI_Citation>
                                    <title>
                                        <gco:CharacterString>LIO Metadata Management Tool UUID</gco:CharacterString>
                                    </title>
                                    <date>
                                        <CI_Date>
                                            <date>
                                                <gco:DateTime>2019-04-11T14:56:52.044288</gco:DateTime>
                                            </date>
                                            <dateType>
                                                <CI_DateTypeCode codeList="http://www.isotc211.org/2005/resources/Codelist/gmxCodelists.xml#CI_DateTypeCode" codeListValue="publication" codeSpace="ISOTC211/19115">publication</CI_DateTypeCode>
                                            </dateType>
                                        </CI_Date>
                                    </date>
                                    <citedResponsibleParty gco:nilReason="missing"/>
                                </CI_Citation>
                            </authority>
                            <code>
                                <gco:CharacterString>8ad847f1-4943-4829-8b88-8aae3aa82658</gco:CharacterString>
                            </code>
                        </MD_Identifier>
                    </identifier>
                    <identifier>
                        <MD_Identifier>
                            <authority>
                                <CI_Citation>
                                    <title>
                                        <gco:CharacterString>LIO Concrete Class Short Name</gco:CharacterString>
                                    </title>
                                    <date>
                                        <CI_Date>
                                            <date>
                                                <gco:DateTime>2019-04-11T14:56:52.053283</gco:DateTime>
                                            </date>
                                            <dateType>
                                                <CI_DateTypeCode codeList="http://www.isotc211.org/2005/resources/Codelist/gmxCodelists.xml#CI_DateTypeCode" codeListValue="publication" codeSpace="ISOTC211/19115">publication</CI_DateTypeCode>
                                            </dateType>
                                        </CI_Date>
                                    </date>
                                    <citedResponsibleParty gco:nilReason="missing"/>
                                </CI_Citation>
                            </authority>
                            <code>
                                <gco:CharacterString>GBHAMLET</gco:CharacterString>
                            </code>
                        </MD_Identifier>
                    </identifier>
                    <identifier>
                        <MD_Identifier>
                            <authority>
                                <CI_Citation>
                                    <title>
                                        <gco:CharacterString>Ontario GeoHub French Record ID</gco:CharacterString>
                                    </title>
                                    <date>
                                        <CI_Date>
                                            <date>
                                                <gco:DateTime>2021-06-30T11:29:52.758329</gco:DateTime>
                                            </date>
                                            <dateType>
                                                <CI_DateTypeCode codeList="http://www.isotc211.org/2005/resources/Codelist/gmxCodelists.xml#CI_DateTypeCode" codeListValue="publication" codeSpace="ISOTC211/19115">publication</CI_DateTypeCode>
                                            </dateType>
                                        </CI_Date>
                                    </date>
                                    <citedResponsibleParty gco:nilReason="missing"/>
                                </CI_Citation>
                            </authority>
                            <code>
                                <gco:CharacterString>8030da5166904a55827463ccff67d2ae_16</gco:CharacterString>
                            </code>
                        </MD_Identifier>
                    </identifier>
                    <citedResponsibleParty>
                        <CI_ResponsibleParty>
                            <organisationName>
                                <gco:CharacterString>Ontario Ministry of Municipal Affairs and Housing</gco:CharacterString>
                            </organisationName>
                            <contactInfo gco:nilReason="missing"/>
                            <role>
                                <CI_RoleCode codeList="http://www.isotc211.org/2005/resources/Codelist/gmxCodelists.xml#CI_RoleCode" codeListValue="publisher" codeSpace="ISOTC211/19115">publisher</CI_RoleCode>
                            </role>
                        </CI_ResponsibleParty>
                    </citedResponsibleParty>
                </CI_Citation>
            </citation>
            <abstract>
                <gco:CharacterString>Hamlets are smaller settlement areas identified in municipal official plans, generally without municipal water and sewer servicing.
   
For precise boundaries and locations of hamlets, the appropriate municipality should be consulted.   Additional DocumentationGreenbelt Hamlet - Data Description (PDF)Greenbelt Hamlet - Documentation (Word)  Status  Completed: production of the data has been completed     Maintenance and Update Frequency  As needed: data is updated as deemed necessary     Contact  Paul McKenzie, Paul.McKenzie@Ontario.ca  </gco:CharacterString>
            </abstract>
            <purpose>
                <gco:CharacterString>This layer is to provide the approximate location of Hamlets within the Protected Countryside. This Plan defers to municipal official plans for the detailed delineation of Hamlets. For precise boundaries and locations of Hamlets the appropriate municipality should be consulted.</gco:CharacterString>
            </purpose>
            <credit>
                <gco:CharacterString>Open Government Licence – Ontario</gco:CharacterString>
            </credit>
            <status>
                <MD_ProgressCode codeList="http://www.isotc211.org/2005/resources/Codelist/gmxCodelists.xml#MD_ProgressCode" codeListValue="completed" codeSpace="ISOTC211/19115">completed</MD_ProgressCode>
            </status>
            <pointOfContact>
                <CI_ResponsibleParty>
                    <individualName>
                        <gco:CharacterString>Paul McKenzie</gco:CharacterString>
                    </individualName>
                    <organisationName>
                        <gco:CharacterString>Ministry of Municipal Affairs and Housing</gco:CharacterString>
                    </organisationName>
                    <positionName>
                        <gco:CharacterString>Geomatics Technician</gco:CharacterString>
                    </positionName>
                    <contactInfo>
                        <CI_Contact>
                            <phone>
                                <CI_Telephone>
                                    <voice>
                                        <gco:CharacterString>1 (416) 585-7256</gco:CharacterString>
                                    </voice>
                                </CI_Telephone>
                            </phone>
                            <address>
                                <CI_Address>
                                    <electronicMailAddress>
                                        <gco:CharacterString>Paul.McKenzie@Ontario.ca</gco:CharacterString>
                                    </electronicMailAddress>
                                </CI_Address>
                            </address>
                        </CI_Contact>
                    </contactInfo>
                    <role>
                        <CI_RoleCode codeList="http://www.isotc211.org/2005/resources/Codelist/gmxCodelists.xml#CI_RoleCode" codeListValue="custodian" codeSpace="ISOTC211/19115">custodian</CI_RoleCode>
                    </role>
                </CI_ResponsibleParty>
            </pointOfContact>
            <pointOfContact>
                <CI_ResponsibleParty>
                    <individualName>
                        <gco:CharacterString>John Taylor</gco:CharacterString>
                    </individualName>
                    <organisationName>
                        <gco:CharacterString>Ministry of Municipal Affairs and Housing</gco:CharacterString>
                    </organisationName>
                    <positionName>
                        <gco:CharacterString>Senior Planner</gco:CharacterString>
                    </positionName>
                    <contactInfo>
                        <CI_Contact>
                            <phone>
                                <CI_Telephone>
                                    <voice>
                                        <gco:CharacterString>1 (416) 585-6058</gco:CharacterString>
                                    </voice>
                                </CI_Telephone>
                            </phone>
                            <address>
                                <CI_Address>
                                    <electronicMailAddress>
                                        <gco:CharacterString>John.M.Taylor@Ontario.ca</gco:CharacterString>
                                    </electronicMailAddress>
                                </CI_Address>
                            </address>
                        </CI_Contact>
                    </contactInfo>
                    <role>
                        <CI_RoleCode codeList="http://www.isotc211.org/2005/resources/Codelist/gmxCodelists.xml#CI_RoleCode" codeListValue="pointOfContact" codeSpace="ISOTC211/19115">pointOfContact</CI_RoleCode>
                    </role>
                </CI_ResponsibleParty>
            </pointOfContact>
            <resourceMaintenance>
                <MD_MaintenanceInformation>
                    <maintenanceAndUpdateFrequency>
                        <MD_MaintenanceFrequencyCode codeList="http://www.isotc211.org/2005/resources/Codelist/gmxCodelists.xml#MD_MaintenanceFrequencyCode" codeListValue="asNeeded" codeSpace="ISOTC211/19115">asNeeded</MD_MaintenanceFrequencyCode>
                    </maintenanceAndUpdateFrequency>
                </MD_MaintenanceInformation>
            </resourceMaintenance>
            <descriptiveKeywords>
                <MD_Keywords>
                    <keyword>
                        <gco:CharacterString>Settlement area</gco:CharacterString>
                    </keyword>
                    <keyword>
                        <gco:CharacterString>Protected Countryside</gco:CharacterString>
                    </keyword>
                    <keyword>
                        <gco:CharacterString>PLANNING / DEVELOPMENT</gco:CharacterString>
                    </keyword>
                    <keyword>
                        <gco:CharacterString>LAND USE PLANNING</gco:CharacterString>
                    </keyword>
                    <keyword>
                        <gco:CharacterString>Hamlet</gco:CharacterString>
                    </keyword>
                    <keyword>
                        <gco:CharacterString>LAND MANAGEMENT</gco:CharacterString>
                    </keyword>
                    <type>
                        <MD_KeywordTypeCode codeList="http://www.isotc211.org/2005/resources/Codelist/gmxCodelists.xml#MD_KeywordTypeCode" codeListValue="theme" codeSpace="ISOTC211/19115">theme</MD_KeywordTypeCode>
                    </type>
                    <thesaurusName>
                        <CI_Citation>
                            <title>
                                <gco:CharacterString>external</gco:CharacterString>
                            </title>
                            <date gco:nilReason="missing"/>
                            <citedResponsibleParty gco:nilReason="missing"/>
                        </CI_Citation>
                    </thesaurusName>
                </MD_Keywords>
            </descriptiveKeywords>
            <descriptiveKeywords>
                <MD_Keywords>
                    <keyword>
                        <gco:CharacterString>Settlement area</gco:CharacterString>
                    </keyword>
                    <keyword>
                        <gco:CharacterString>Protected Countryside</gco:CharacterString>
                    </keyword>
                    <keyword>
                        <gco:CharacterString>PLANNING / DEVELOPMENT</gco:CharacterString>
                    </keyword>
                    <keyword>
                        <gco:CharacterString>LAND USE PLANNING</gco:CharacterString>
                    </keyword>
                    <keyword>
                        <gco:CharacterString>Hamlet</gco:CharacterString>
                    </keyword>
                    <keyword>
                        <gco:CharacterString>LAND MANAGEMENT</gco:CharacterString>
                    </keyword>
                    <type>
                        <MD_KeywordTypeCode codeList="http://www.isotc211.org/2005/resources/Codelist/gmxCodelists.xml#MD_KeywordTypeCode" codeListValue="theme" codeSpace="ISOTC211/19115">theme</MD_KeywordTypeCode>
                    </type>
                    <thesaurusName>
                        <CI_Citation>
                            <title>
                                <gco:CharacterString>external</gco:CharacterString>
                            </title>
                            <date gco:nilReason="missing"/>
                            <citedResponsibleParty gco:nilReason="missing"/>
                        </CI_Citation>
                    </thesaurusName>
                </MD_Keywords>
            </descriptiveKeywords>
            <descriptiveKeywords>
                <MD_Keywords>
                    <keyword>
                        <gco:CharacterString>Settlement area</gco:CharacterString>
                    </keyword>
                    <keyword>
                        <gco:CharacterString>Protected Countryside</gco:CharacterString>
                    </keyword>
                    <keyword>
                        <gco:CharacterString>PLANNING / DEVELOPMENT</gco:CharacterString>
                    </keyword>
                    <keyword>
                        <gco:CharacterString>LAND USE PLANNING</gco:CharacterString>
                    </keyword>
                    <keyword>
                        <gco:CharacterString>Hamlet</gco:CharacterString>
                    </keyword>
                    <keyword>
                        <gco:CharacterString>LAND MANAGEMENT</gco:CharacterString>
                    </keyword>
                    <type>
                        <MD_KeywordTypeCode codeList="http://www.isotc211.org/2005/resources/Codelist/gmxCodelists.xml#MD_KeywordTypeCode" codeListValue="theme" codeSpace="ISOTC211/19115">theme</MD_KeywordTypeCode>
                    </type>
                    <thesaurusName>
                        <CI_Citation>
                            <title>
                                <gco:CharacterString>external</gco:CharacterString>
                            </title>
                            <date gco:nilReason="missing"/>
                            <citedResponsibleParty gco:nilReason="missing"/>
                        </CI_Citation>
                    </thesaurusName>
                </MD_Keywords>
            </descriptiveKeywords>
            <descriptiveKeywords>
                <MD_Keywords>
                    <keyword>
                        <gco:CharacterString>Settlement area</gco:CharacterString>
                    </keyword>
                    <keyword>
                        <gco:CharacterString>Protected Countryside</gco:CharacterString>
                    </keyword>
                    <keyword>
                        <gco:CharacterString>PLANNING / DEVELOPMENT</gco:CharacterString>
                    </keyword>
                    <keyword>
                        <gco:CharacterString>LAND USE PLANNING</gco:CharacterString>
                    </keyword>
                    <keyword>
                        <gco:CharacterString>Hamlet</gco:CharacterString>
                    </keyword>
                    <keyword>
                        <gco:CharacterString>LAND MANAGEMENT</gco:CharacterString>
                    </keyword>
                    <type>
                        <MD_KeywordTypeCode codeList="http://www.isotc211.org/2005/resources/Codelist/gmxCodelists.xml#MD_KeywordTypeCode" codeListValue="theme" codeSpace="ISOTC211/19115">theme</MD_KeywordTypeCode>
                    </type>
                    <thesaurusName>
                        <CI_Citation>
                            <title>
                                <gco:CharacterString>external</gco:CharacterString>
                            </title>
                            <date gco:nilReason="missing"/>
                            <citedResponsibleParty gco:nilReason="missing"/>
                        </CI_Citation>
                    </thesaurusName>
                </MD_Keywords>
            </descriptiveKeywords>
            <descriptiveKeywords>
                <MD_Keywords>
                    <keyword>
                        <gco:CharacterString>Settlement area</gco:CharacterString>
                    </keyword>
                    <keyword>
                        <gco:CharacterString>Protected Countryside</gco:CharacterString>
                    </keyword>
                    <keyword>
                        <gco:CharacterString>PLANNING / DEVELOPMENT</gco:CharacterString>
                    </keyword>
                    <keyword>
                        <gco:CharacterString>LAND USE PLANNING</gco:CharacterString>
                    </keyword>
                    <keyword>
                        <gco:CharacterString>Hamlet</gco:CharacterString>
                    </keyword>
                    <keyword>
                        <gco:CharacterString>LAND MANAGEMENT</gco:CharacterString>
                    </keyword>
                    <type>
                        <MD_KeywordTypeCode codeList="http://www.isotc211.org/2005/resources/Codelist/gmxCodelists.xml#MD_KeywordTypeCode" codeListValue="theme" codeSpace="ISOTC211/19115">theme</MD_KeywordTypeCode>
                    </type>
                    <thesaurusName>
                        <CI_Citation>
                            <title>
                                <gco:CharacterString>external</gco:CharacterString>
                            </title>
                            <date gco:nilReason="missing"/>
                            <citedResponsibleParty gco:nilReason="missing"/>
                        </CI_Citation>
                    </thesaurusName>
                </MD_Keywords>
            </descriptiveKeywords>
            <descriptiveKeywords>
                <MD_Keywords>
                    <keyword>
                        <gco:CharacterString>Settlement area</gco:CharacterString>
                    </keyword>
                    <keyword>
                        <gco:CharacterString>Protected Countryside</gco:CharacterString>
                    </keyword>
                    <keyword>
                        <gco:CharacterString>PLANNING / DEVELOPMENT</gco:CharacterString>
                    </keyword>
                    <keyword>
                        <gco:CharacterString>LAND USE PLANNING</gco:CharacterString>
                    </keyword>
                    <keyword>
                        <gco:CharacterString>Hamlet</gco:CharacterString>
                    </keyword>
                    <keyword>
                        <gco:CharacterString>LAND MANAGEMENT</gco:CharacterString>
                    </keyword>
                    <type>
                        <MD_KeywordTypeCode codeList="http://www.isotc211.org/2005/resources/Codelist/gmxCodelists.xml#MD_KeywordTypeCode" codeListValue="theme" codeSpace="ISOTC211/19115">theme</MD_KeywordTypeCode>
                    </type>
                    <thesaurusName>
                        <CI_Citation>
                            <title>
                                <gco:CharacterString>external</gco:CharacterString>
                            </title>
                            <date gco:nilReason="missing"/>
                            <citedResponsibleParty gco:nilReason="missing"/>
                        </CI_Citation>
                    </thesaurusName>
                </MD_Keywords>
            </descriptiveKeywords>
            <resourceConstraints>
                <MD_Constraints>
                    <useLimitation>
                        <gco:CharacterString>Open Government Licence – Ontario</gco:CharacterString>
                    </useLimitation>
                </MD_Constraints>
            </resourceConstraints>
            <resourceConstraints>
                <MD_LegalConstraints>
                    <useLimitation>
                        <gco:CharacterString>&lt;a href="https://www.ontario.ca/page/open-government-licence-ontario"&gt;Open Government Licence – Ontario&lt;/a&gt;</gco:CharacterString>
                    </useLimitation>
                </MD_LegalConstraints>
            </resourceConstraints>
            <resourceConstraints>
                <MD_LegalConstraints>
                    <accessConstraints>
                        <MD_RestrictionCode codeList="http://www.isotc211.org/2005/resources/Codelist/gmxCodelists.xml#MD_RestrictionCode" codeListValue="otherRestrictions" codeSpace="ISOTC211/19115">otherRestrictions</MD_RestrictionCode>
                    </accessConstraints>
                    <otherConstraints>
                        <gco:CharacterString>Other Constraints</gco:CharacterString>
                    </otherConstraints>
                </MD_LegalConstraints>
            </resourceConstraints>
            <resourceConstraints>
                <MD_LegalConstraints>
                    <useConstraints>
                        <MD_RestrictionCode codeList="http://www.isotc211.org/2005/resources/Codelist/gmxCodelists.xml#MD_RestrictionCode" codeListValue="otherRestrictions" codeSpace="ISOTC211/19115">otherRestrictions</MD_RestrictionCode>
                    </useConstraints>
                    <otherConstraints>
                        <gco:CharacterString>Other Constraints</gco:CharacterString>
                    </otherConstraints>
                </MD_LegalConstraints>
            </resourceConstraints>
            <language>
                <LanguageCode codeList="http://www.loc.gov/standards/iso639-2/php/code_list.php" codeListValue="eng" codeSpace="ISO639-2">eng</LanguageCode>
            </language>
            <characterSet>
                <MD_CharacterSetCode codeList="http://www.isotc211.org/2005/resources/Codelist/gmxCodelists.xml#MD_CharacterSetCode" codeListValue="utf8" codeSpace="ISOTC211/19115">utf8</MD_CharacterSetCode>
            </characterSet>
            <topicCategory>
                <MD_TopicCategoryCode>planningCadastre</MD_TopicCategoryCode>
            </topicCategory>
            <extent>
                <EX_Extent>
                    <geographicElement>
                        <EX_GeographicBoundingBox>
                            <westBoundLongitude>
                                <gco:Decimal>-83.849</gco:Decimal>
                            </westBoundLongitude>
                            <eastBoundLongitude>
                                <gco:Decimal>-75.807</gco:Decimal>
                            </eastBoundLongitude>
                            <southBoundLatitude>
                                <gco:Decimal>42.86</gco:Decimal>
                            </southBoundLatitude>
                            <northBoundLatitude>
                                <gco:Decimal>47.68</gco:Decimal>
                            </northBoundLatitude>
                        </EX_GeographicBoundingBox>
                    </geographicElement>
                </EX_Extent>
            </extent>
            <supplementalInformation>
                <gco:CharacterString>For lands within Hamlets in the Protected Countryside, the following policy shall apply:
Hamlets are subject to the policies of the Growth Plan and continue to be governed by official plans and related programs or initiatives and are not subject to the policies of this Plan, save for the policies of sections 3.1.5, 3.2.3, 3.2.6, 3.3 and 3.4.2. Limited growth is permitted through infill and intensification of Hamlets subject to appropriate water and sewage services.</gco:CharacterString>
            </supplementalInformation>
        </MD_DataIdentification>
    </identificationInfo>
    <distributionInfo>
        <MD_Distribution>
            <distributionFormat gco:nilReason="missing"/>
            <transferOptions>
                <MD_DigitalTransferOptions>
                    <onLine>
                        <CI_OnlineResource>
                            <linkage>
                                <URL>https://www.gisapplication.lrc.gov.on.ca/fmedatadownload/Packages/fgdb/GBHAMLET.zip</URL>
                            </linkage>
                            <protocol gco:nilReason="missing"/>
                            <name>
                                <gco:CharacterString>Complete File Geodatabase</gco:CharacterString>
                            </name>
                        </CI_OnlineResource>
                    </onLine>
                    <onLine>
                        <CI_OnlineResource>
                            <linkage>
                                <URL>https://www.gisapplication.lrc.gov.on.ca/fmedatadownload/Packages/GBHAMLET.zip</URL>
                            </linkage>
                            <protocol gco:nilReason="missing"/>
                            <name>
                                <gco:CharacterString>Complete Shapefile</gco:CharacterString>
                            </name>
                        </CI_OnlineResource>
                    </onLine>
                    <onLine>
                        <CI_OnlineResource>
                            <linkage>
                                <URL>https://www.sdc.gov.on.ca/sites/MNRF-PublicDocs/EN/CMID/lio-open-qlr-eng/greenbelt-hamlet.qlr</URL>
                            </linkage>
                            <protocol gco:nilReason="missing"/>
                            <name>
                                <gco:CharacterString>QGIS Layer Definition File (.qlr)</gco:CharacterString>
                            </name>
                        </CI_OnlineResource>
                    </onLine>
                </MD_DigitalTransferOptions>
            </transferOptions>
        </MD_Distribution>
    </distributionInfo>
</MD_Metadata>
